<?xml version="1.0" encoding="UTF-8"?>
<GenRun Id="impl_1" LaunchPart="xc7a100tcsg324-1" LaunchTime="1614307058">
  <File Type="PWROPT-DRC" Name="lab2_2_1_drc_pwropted.rpt"/>
  <File Type="OPT-METHODOLOGY-DRC" Name="lab2_2_1_methodology_drc_opted.rpt"/>
  <File Type="INIT-TIMING" Name="lab2_2_1_timing_summary_init.rpt"/>
  <File Type="ROUTE-PWR-RPX" Name="lab2_2_1_power_routed.rpx"/>
  <File Type="PA-TCL" Name="lab2_2_1.tcl"/>
  <File Type="OPT-HWDEF" Name="lab2_2_1.hwdef"/>
  <File Type="RDI-RDI" Name="lab2_2_1.vdi"/>
  <File Type="OPT-DCP" Name="lab2_2_1_opt.dcp"/>
  <File Type="OPT-DRC" Name="lab2_2_1_drc_opted.rpt"/>
  <File Type="OPT-TIMING" Name="lab2_2_1_timing_summary_opted.rpt"/>
  <File Type="PWROPT-DCP" Name="lab2_2_1_pwropt.dcp"/>
  <File Type="PWROPT-TIMING" Name="lab2_2_1_timing_summary_pwropted.rpt"/>
  <File Type="PLACE-DCP" Name="lab2_2_1_placed.dcp"/>
  <File Type="PLACE-IO" Name="lab2_2_1_io_placed.rpt"/>
  <File Type="PLACE-CLK" Name="lab2_2_1_clock_utilization_placed.rpt"/>
  <File Type="PLACE-UTIL" Name="lab2_2_1_utilization_placed.rpt"/>
  <File Type="PLACE-UTIL-PB" Name="lab2_2_1_utilization_placed.pb"/>
  <File Type="PLACE-CTRL" Name="lab2_2_1_control_sets_placed.rpt"/>
  <File Type="PLACE-SIMILARITY" Name="lab2_2_1_incremental_reuse_placed.rpt"/>
  <File Type="PLACE-PRE-SIMILARITY" Name="lab2_2_1_incremental_reuse_pre_placed.rpt"/>
  <File Type="PLACE-TIMING" Name="lab2_2_1_timing_summary_placed.rpt"/>
  <File Type="POSTPLACE-PWROPT-DCP" Name="lab2_2_1_postplace_pwropt.dcp"/>
  <File Type="POSTPLACE-PWROPT-TIMING" Name="lab2_2_1_timing_summary_postplace_pwropted.rpt"/>
  <File Type="PHYSOPT-DCP" Name="lab2_2_1_physopt.dcp"/>
  <File Type="PHYSOPT-DRC" Name="lab2_2_1_drc_physopted.rpt"/>
  <File Type="PHYSOPT-TIMING" Name="lab2_2_1_timing_summary_physopted.rpt"/>
  <File Type="ROUTE-ERROR-DCP" Name="lab2_2_1_routed_error.dcp"/>
  <File Type="ROUTE-DCP" Name="lab2_2_1_routed.dcp"/>
  <File Type="ROUTE-BLACKBOX-DCP" Name="lab2_2_1_routed_bb.dcp"/>
  <File Type="ROUTE-DRC" Name="lab2_2_1_drc_routed.rpt"/>
  <File Type="ROUTE-DRC-PB" Name="lab2_2_1_drc_routed.pb"/>
  <File Type="BG-BIN" Name="lab2_2_1.bin"/>
  <File Type="ROUTE-DRC-RPX" Name="lab2_2_1_drc_routed.rpx"/>
  <File Type="BG-DRC" Name="lab2_2_1.drc"/>
  <File Type="ROUTE-METHODOLOGY-DRC" Name="lab2_2_1_methodology_drc_routed.rpt"/>
  <File Type="BITSTR-MSK" Name="lab2_2_1.msk"/>
  <File Type="ROUTE-METHODOLOGY-DRC-RPX" Name="lab2_2_1_methodology_drc_routed.rpx"/>
  <File Type="BG-BGN" Name="lab2_2_1.bgn"/>
  <File Type="ROUTE-METHODOLOGY-DRC-PB" Name="lab2_2_1_methodology_drc_routed.pb"/>
  <File Type="ROUTE-PWR" Name="lab2_2_1_power_routed.rpt"/>
  <File Type="ROUTE-PWR-SUM" Name="lab2_2_1_power_summary_routed.pb"/>
  <File Type="ROUTE-STATUS" Name="lab2_2_1_route_status.rpt"/>
  <File Type="ROUTE-STATUS-PB" Name="lab2_2_1_route_status.pb"/>
  <File Type="ROUTE-TIMINGSUMMARY" Name="lab2_2_1_timing_summary_routed.rpt"/>
  <File Type="ROUTE-TIMING-PB" Name="lab2_2_1_timing_summary_routed.pb"/>
  <File Type="ROUTE-TIMING-RPX" Name="lab2_2_1_timing_summary_routed.rpx"/>
  <File Type="ROUTE-SIMILARITY" Name="lab2_2_1_incremental_reuse_routed.rpt"/>
  <File Type="ROUTE-CLK" Name="lab2_2_1_clock_utilization_routed.rpt"/>
  <File Type="POSTROUTE-PHYSOPT-DCP" Name="lab2_2_1_postroute_physopt.dcp"/>
  <File Type="POSTROUTE-PHYSOPT-BLACKBOX-DCP" Name="lab2_2_1_postroute_physopt_bb.dcp"/>
  <File Type="POSTROUTE-PHYSOPT-TIMING" Name="lab2_2_1_timing_summary_postroute_physopted.rpt"/>
  <File Type="POSTROUTE-PHYSOPT-TIMING-PB" Name="lab2_2_1_timing_summary_postroute_physopted.pb"/>
  <File Type="POSTROUTE-PHYSOPT-TIMING-RPX" Name="lab2_2_1_timing_summary_postroute_physopted.rpx"/>
  <File Type="BG-BIT" Name="lab2_2_1.bit"/>
  <File Type="BITSTR-RBT" Name="lab2_2_1.rbt"/>
  <File Type="BITSTR-NKY" Name="lab2_2_1.nky"/>
  <File Type="BITSTR-BMM" Name="lab2_2_1_bd.bmm"/>
  <File Type="BITSTR-MMI" Name="lab2_2_1.mmi"/>
  <File Type="BITSTR-SYSDEF" Name="lab2_2_1.sysdef"/>
  <File Type="WBT-USG" Name="usage_statistics_webtalk.html"/>
  <FileSet Name="sources" Type="DesignSrcs" RelSrcDir="$PSRCDIR/sources_1">
    <Filter Type="Srcs"/>
    <File Path="$PPRDIR/../lab1_4_2/lab1_4_2.srcs/sources_1/new/bcdto7segment_dataflow.v">
      <FileInfo>
        <Attr Name="UsedIn" Val="synthesis"/>
        <Attr Name="UsedIn" Val="implementation"/>
        <Attr Name="UsedIn" Val="simulation"/>
      </FileInfo>
    </File>
    <File Path="$PPRDIR/../lab1_1_1/lab1_1_1.srcs/sources_1/new/lab1_1_1.v">
      <FileInfo>
        <Attr Name="UsedIn" Val="synthesis"/>
        <Attr Name="UsedIn" Val="implementation"/>
        <Attr Name="UsedIn" Val="simulation"/>
      </FileInfo>
    </File>
    <File Path="$PSRCDIR/sources_1/new/comparator_dataflow.v">
      <FileInfo>
        <Attr Name="UsedIn" Val="synthesis"/>
        <Attr Name="UsedIn" Val="implementation"/>
        <Attr Name="UsedIn" Val="simulation"/>
      </FileInfo>
    </File>
    <File Path="$PSRCDIR/sources_1/new/lab2_2_1_partA.v">
      <FileInfo>
        <Attr Name="UsedIn" Val="synthesis"/>
        <Attr Name="UsedIn" Val="implementation"/>
        <Attr Name="UsedIn" Val="simulation"/>
      </FileInfo>
    </File>
    <Config>
      <Option Name="DesignMode" Val="RTL"/>
      <Option Name="TopModule" Val="lab2_2_1"/>
      <Option Name="TopAutoSet" Val="TRUE"/>
    </Config>
  </FileSet>
  <FileSet Name="constrs_in" Type="Constrs" RelSrcDir="$PSRCDIR/constrs_1">
    <Filter Type="Constrs"/>
    <File Path="$PSRCDIR/constrs_1/new/constraint221.xdc">
      <FileInfo>
        <Attr Name="UsedIn" Val="synthesis"/>
        <Attr Name="UsedIn" Val="implementation"/>
      </FileInfo>
    </File>
    <Config>
      <Option Name="ConstrsType" Val="XDC"/>
    </Config>
  </FileSet>
  <Strategy Version="1" Minor="2">
    <StratHandle Name="Vivado Implementation Defaults" Flow="Vivado Implementation 2016">
      <Desc>Default settings for Implementation.</Desc>
    </StratHandle>
    <Step Id="init_design"/>
    <Step Id="opt_design"/>
    <Step Id="power_opt_design"/>
    <Step Id="place_design"/>
    <Step Id="post_place_power_opt_design"/>
    <Step Id="phys_opt_design"/>
    <Step Id="route_design"/>
    <Step Id="post_route_phys_opt_design"/>
    <Step Id="write_bitstream"/>
  </Strategy>
</GenRun>
