<?xml version="1.0" encoding="UTF-8"?>
<GenRun Id="synth_1" LaunchPart="xc7a100tcsg324-1" LaunchTime="1614915310">
  <File Type="PA-TCL" Name="bit8_counter_T_flipflop.tcl"/>
  <File Type="RDS-PROPCONSTRS" Name="bit8_counter_T_flipflop_drc_synth.rpt"/>
  <File Type="RDS-RDS" Name="bit8_counter_T_flipflop.vds"/>
  <File Type="RDS-UTIL" Name="bit8_counter_T_flipflop_utilization_synth.rpt"/>
  <File Type="RDS-UTIL-PB" Name="bit8_counter_T_flipflop_utilization_synth.pb"/>
  <File Type="RDS-DCP" Name="bit8_counter_T_flipflop.dcp"/>
  <File Type="VDS-TIMINGSUMMARY" Name="bit8_counter_T_flipflop_timing_summary_synth.rpt"/>
  <File Type="VDS-TIMING-PB" Name="bit8_counter_T_flipflop_timing_summary_synth.pb"/>
  <FileSet Name="sources" Type="DesignSrcs" RelSrcDir="$PSRCDIR/sources_1">
    <Filter Type="Srcs"/>
    <File Path="$PSRCDIR/sources_1/new/bit8_counter_T_flipflop.v">
      <FileInfo>
        <Attr Name="UsedIn" Val="synthesis"/>
        <Attr Name="UsedIn" Val="implementation"/>
        <Attr Name="UsedIn" Val="simulation"/>
      </FileInfo>
    </File>
    <Config>
      <Option Name="DesignMode" Val="RTL"/>
      <Option Name="TopModule" Val="bit8_counter_T_flipflop"/>
      <Option Name="TopAutoSet" Val="TRUE"/>
    </Config>
  </FileSet>
  <FileSet Name="constrs_in" Type="Constrs" RelSrcDir="$PSRCDIR/constrs_1">
    <Filter Type="Constrs"/>
    <File Path="$PSRCDIR/constrs_1/new/constraint6211.xdc">
      <FileInfo>
        <Attr Name="UsedIn" Val="synthesis"/>
        <Attr Name="UsedIn" Val="implementation"/>
      </FileInfo>
    </File>
    <Config>
      <Option Name="ConstrsType" Val="XDC"/>
    </Config>
  </FileSet>
  <Strategy Version="1" Minor="2">
    <StratHandle Name="Vivado Synthesis Defaults" Flow="Vivado Synthesis 2016"/>
    <Step Id="synth_design"/>
  </Strategy>
</GenRun>
