<?xml version="1.0" encoding="UTF-8"?>
<GenRun Id="synth_1" LaunchPart="xc7a100tcsg324-1" LaunchTime="1614913379">
  <File Type="RDS-PROPCONSTRS" Name="bit4_serial_in_parallel_out_shift_reg_drc_synth.rpt"/>
  <File Type="PA-TCL" Name="bit4_serial_in_parallel_out_shift_reg.tcl"/>
  <File Type="RDS-RDS" Name="bit4_serial_in_parallel_out_shift_reg.vds"/>
  <File Type="RDS-UTIL" Name="bit4_serial_in_parallel_out_shift_reg_utilization_synth.rpt"/>
  <File Type="RDS-UTIL-PB" Name="bit4_serial_in_parallel_out_shift_reg_utilization_synth.pb"/>
  <File Type="RDS-DCP" Name="bit4_serial_in_parallel_out_shift_reg.dcp"/>
  <File Type="VDS-TIMINGSUMMARY" Name="bit4_serial_in_parallel_out_shift_reg_timing_summary_synth.rpt"/>
  <File Type="VDS-TIMING-PB" Name="bit4_serial_in_parallel_out_shift_reg_timing_summary_synth.pb"/>
  <FileSet Name="sources" Type="DesignSrcs" RelSrcDir="$PSRCDIR/sources_1">
    <Filter Type="Srcs"/>
    <File Path="$PSRCDIR/sources_1/new/bit4_serial_in_parallel_out_shift_reg.v">
      <FileInfo>
        <Attr Name="UsedIn" Val="synthesis"/>
        <Attr Name="UsedIn" Val="implementation"/>
        <Attr Name="UsedIn" Val="simulation"/>
      </FileInfo>
    </File>
    <Config>
      <Option Name="DesignMode" Val="RTL"/>
      <Option Name="TopModule" Val="bit4_serial_in_parallel_out_shift_reg"/>
      <Option Name="TopAutoSet" Val="TRUE"/>
    </Config>
  </FileSet>
  <FileSet Name="constrs_in" Type="Constrs" RelSrcDir="$PSRCDIR/constrs_1">
    <Filter Type="Constrs"/>
    <File Path="$PSRCDIR/constrs_1/new/constraint615.xdc">
      <FileInfo>
        <Attr Name="UsedIn" Val="synthesis"/>
        <Attr Name="UsedIn" Val="implementation"/>
      </FileInfo>
    </File>
    <Config>
      <Option Name="ConstrsType" Val="XDC"/>
    </Config>
  </FileSet>
  <Strategy Version="1" Minor="2">
    <StratHandle Name="Vivado Synthesis Defaults" Flow="Vivado Synthesis 2016">
      <Desc>Vivado Synthesis Defaults</Desc>
    </StratHandle>
    <Step Id="synth_design"/>
  </Strategy>
</GenRun>
