<?xml version="1.0" encoding="UTF-8"?>
<GenRun Id="impl_1" LaunchPart="xc7a100tcsg324-1" LaunchTime="1614349750">
  <File Type="ROUTE-PWR-RPX" Name="program331_power_routed.rpx"/>
  <File Type="PA-TCL" Name="program331.tcl"/>
  <File Type="INIT-TIMING" Name="program331_timing_summary_init.rpt"/>
  <File Type="OPT-METHODOLOGY-DRC" Name="program331_methodology_drc_opted.rpt"/>
  <File Type="PWROPT-DRC" Name="program331_drc_pwropted.rpt"/>
  <File Type="RDI-RDI" Name="program331.vdi"/>
  <File Type="OPT-DCP" Name="program331_opt.dcp"/>
  <File Type="OPT-HWDEF" Name="program331.hwdef"/>
  <File Type="OPT-DRC" Name="program331_drc_opted.rpt"/>
  <File Type="OPT-TIMING" Name="program331_timing_summary_opted.rpt"/>
  <File Type="PWROPT-DCP" Name="program331_pwropt.dcp"/>
  <File Type="PWROPT-TIMING" Name="program331_timing_summary_pwropted.rpt"/>
  <File Type="PLACE-DCP" Name="program331_placed.dcp"/>
  <File Type="PLACE-IO" Name="program331_io_placed.rpt"/>
  <File Type="PLACE-CLK" Name="program331_clock_utilization_placed.rpt"/>
  <File Type="PLACE-UTIL" Name="program331_utilization_placed.rpt"/>
  <File Type="PLACE-UTIL-PB" Name="program331_utilization_placed.pb"/>
  <File Type="PLACE-CTRL" Name="program331_control_sets_placed.rpt"/>
  <File Type="PLACE-SIMILARITY" Name="program331_incremental_reuse_placed.rpt"/>
  <File Type="PLACE-PRE-SIMILARITY" Name="program331_incremental_reuse_pre_placed.rpt"/>
  <File Type="PLACE-TIMING" Name="program331_timing_summary_placed.rpt"/>
  <File Type="POSTPLACE-PWROPT-DCP" Name="program331_postplace_pwropt.dcp"/>
  <File Type="POSTPLACE-PWROPT-TIMING" Name="program331_timing_summary_postplace_pwropted.rpt"/>
  <File Type="PHYSOPT-DCP" Name="program331_physopt.dcp"/>
  <File Type="PHYSOPT-DRC" Name="program331_drc_physopted.rpt"/>
  <File Type="PHYSOPT-TIMING" Name="program331_timing_summary_physopted.rpt"/>
  <File Type="ROUTE-ERROR-DCP" Name="program331_routed_error.dcp"/>
  <File Type="ROUTE-DCP" Name="program331_routed.dcp"/>
  <File Type="ROUTE-BLACKBOX-DCP" Name="program331_routed_bb.dcp"/>
  <File Type="ROUTE-DRC" Name="program331_drc_routed.rpt"/>
  <File Type="ROUTE-DRC-PB" Name="program331_drc_routed.pb"/>
  <File Type="ROUTE-DRC-RPX" Name="program331_drc_routed.rpx"/>
  <File Type="BG-BIN" Name="program331.bin"/>
  <File Type="ROUTE-METHODOLOGY-DRC" Name="program331_methodology_drc_routed.rpt"/>
  <File Type="BG-DRC" Name="program331.drc"/>
  <File Type="ROUTE-METHODOLOGY-DRC-RPX" Name="program331_methodology_drc_routed.rpx"/>
  <File Type="BITSTR-MSK" Name="program331.msk"/>
  <File Type="ROUTE-METHODOLOGY-DRC-PB" Name="program331_methodology_drc_routed.pb"/>
  <File Type="BG-BGN" Name="program331.bgn"/>
  <File Type="ROUTE-PWR" Name="program331_power_routed.rpt"/>
  <File Type="ROUTE-PWR-SUM" Name="program331_power_summary_routed.pb"/>
  <File Type="ROUTE-STATUS" Name="program331_route_status.rpt"/>
  <File Type="ROUTE-STATUS-PB" Name="program331_route_status.pb"/>
  <File Type="ROUTE-TIMINGSUMMARY" Name="program331_timing_summary_routed.rpt"/>
  <File Type="ROUTE-TIMING-PB" Name="program331_timing_summary_routed.pb"/>
  <File Type="ROUTE-TIMING-RPX" Name="program331_timing_summary_routed.rpx"/>
  <File Type="ROUTE-SIMILARITY" Name="program331_incremental_reuse_routed.rpt"/>
  <File Type="ROUTE-CLK" Name="program331_clock_utilization_routed.rpt"/>
  <File Type="POSTROUTE-PHYSOPT-DCP" Name="program331_postroute_physopt.dcp"/>
  <File Type="POSTROUTE-PHYSOPT-BLACKBOX-DCP" Name="program331_postroute_physopt_bb.dcp"/>
  <File Type="POSTROUTE-PHYSOPT-TIMING" Name="program331_timing_summary_postroute_physopted.rpt"/>
  <File Type="POSTROUTE-PHYSOPT-TIMING-PB" Name="program331_timing_summary_postroute_physopted.pb"/>
  <File Type="POSTROUTE-PHYSOPT-TIMING-RPX" Name="program331_timing_summary_postroute_physopted.rpx"/>
  <File Type="BG-BIT" Name="program331.bit"/>
  <File Type="BITSTR-RBT" Name="program331.rbt"/>
  <File Type="BITSTR-NKY" Name="program331.nky"/>
  <File Type="BITSTR-BMM" Name="program331_bd.bmm"/>
  <File Type="BITSTR-MMI" Name="program331.mmi"/>
  <File Type="BITSTR-SYSDEF" Name="program331.sysdef"/>
  <File Type="WBT-USG" Name="usage_statistics_webtalk.html"/>
  <FileSet Name="sources" Type="DesignSrcs" RelSrcDir="$PSRCDIR/sources_1">
    <Filter Type="Srcs"/>
    <File Path="$PSRCDIR/sources_1/new/program331.v">
      <FileInfo>
        <Attr Name="UsedIn" Val="synthesis"/>
        <Attr Name="UsedIn" Val="implementation"/>
        <Attr Name="UsedIn" Val="simulation"/>
      </FileInfo>
    </File>
    <Config>
      <Option Name="DesignMode" Val="RTL"/>
      <Option Name="TopModule" Val="program331"/>
      <Option Name="TopAutoSet" Val="TRUE"/>
    </Config>
  </FileSet>
  <FileSet Name="constrs_in" Type="Constrs" RelSrcDir="$PSRCDIR/constrs_1">
    <Filter Type="Constrs"/>
    <File Path="$PSRCDIR/constrs_1/new/constraint331.xdc">
      <FileInfo>
        <Attr Name="UsedIn" Val="synthesis"/>
        <Attr Name="UsedIn" Val="implementation"/>
      </FileInfo>
    </File>
    <Config>
      <Option Name="ConstrsType" Val="XDC"/>
    </Config>
  </FileSet>
  <Strategy Version="1" Minor="2">
    <StratHandle Name="Vivado Implementation Defaults" Flow="Vivado Implementation 2016"/>
    <Step Id="init_design"/>
    <Step Id="opt_design"/>
    <Step Id="power_opt_design"/>
    <Step Id="place_design"/>
    <Step Id="post_place_power_opt_design"/>
    <Step Id="phys_opt_design"/>
    <Step Id="route_design"/>
    <Step Id="post_route_phys_opt_design"/>
    <Step Id="write_bitstream"/>
  </Strategy>
</GenRun>
