<?xml version="1.0" encoding="UTF-8"?>
<GenRun Id="impl_1" LaunchPart="xc7a100tcsg324-1" LaunchTime="1614914227">
  <File Type="ROUTE-PWR-RPX" Name="bit4_down_counter_syn_load_enable_clear_power_routed.rpx"/>
  <File Type="PA-TCL" Name="bit4_down_counter_syn_load_enable_clear.tcl"/>
  <File Type="INIT-TIMING" Name="bit4_down_counter_syn_load_enable_clear_timing_summary_init.rpt"/>
  <File Type="OPT-METHODOLOGY-DRC" Name="bit4_down_counter_syn_load_enable_clear_methodology_drc_opted.rpt"/>
  <File Type="PWROPT-DRC" Name="bit4_down_counter_syn_load_enable_clear_drc_pwropted.rpt"/>
  <File Type="RDI-RDI" Name="bit4_down_counter_syn_load_enable_clear.vdi"/>
  <File Type="OPT-DCP" Name="bit4_down_counter_syn_load_enable_clear_opt.dcp"/>
  <File Type="OPT-HWDEF" Name="bit4_down_counter_syn_load_enable_clear.hwdef"/>
  <File Type="OPT-DRC" Name="bit4_down_counter_syn_load_enable_clear_drc_opted.rpt"/>
  <File Type="OPT-TIMING" Name="bit4_down_counter_syn_load_enable_clear_timing_summary_opted.rpt"/>
  <File Type="PWROPT-DCP" Name="bit4_down_counter_syn_load_enable_clear_pwropt.dcp"/>
  <File Type="PWROPT-TIMING" Name="bit4_down_counter_syn_load_enable_clear_timing_summary_pwropted.rpt"/>
  <File Type="PLACE-DCP" Name="bit4_down_counter_syn_load_enable_clear_placed.dcp"/>
  <File Type="PLACE-IO" Name="bit4_down_counter_syn_load_enable_clear_io_placed.rpt"/>
  <File Type="PLACE-CLK" Name="bit4_down_counter_syn_load_enable_clear_clock_utilization_placed.rpt"/>
  <File Type="PLACE-UTIL" Name="bit4_down_counter_syn_load_enable_clear_utilization_placed.rpt"/>
  <File Type="PLACE-UTIL-PB" Name="bit4_down_counter_syn_load_enable_clear_utilization_placed.pb"/>
  <File Type="PLACE-CTRL" Name="bit4_down_counter_syn_load_enable_clear_control_sets_placed.rpt"/>
  <File Type="PLACE-SIMILARITY" Name="bit4_down_counter_syn_load_enable_clear_incremental_reuse_placed.rpt"/>
  <File Type="PLACE-PRE-SIMILARITY" Name="bit4_down_counter_syn_load_enable_clear_incremental_reuse_pre_placed.rpt"/>
  <File Type="PLACE-TIMING" Name="bit4_down_counter_syn_load_enable_clear_timing_summary_placed.rpt"/>
  <File Type="POSTPLACE-PWROPT-DCP" Name="bit4_down_counter_syn_load_enable_clear_postplace_pwropt.dcp"/>
  <File Type="POSTPLACE-PWROPT-TIMING" Name="bit4_down_counter_syn_load_enable_clear_timing_summary_postplace_pwropted.rpt"/>
  <File Type="PHYSOPT-DCP" Name="bit4_down_counter_syn_load_enable_clear_physopt.dcp"/>
  <File Type="PHYSOPT-DRC" Name="bit4_down_counter_syn_load_enable_clear_drc_physopted.rpt"/>
  <File Type="PHYSOPT-TIMING" Name="bit4_down_counter_syn_load_enable_clear_timing_summary_physopted.rpt"/>
  <File Type="ROUTE-ERROR-DCP" Name="bit4_down_counter_syn_load_enable_clear_routed_error.dcp"/>
  <File Type="ROUTE-DCP" Name="bit4_down_counter_syn_load_enable_clear_routed.dcp"/>
  <File Type="ROUTE-BLACKBOX-DCP" Name="bit4_down_counter_syn_load_enable_clear_routed_bb.dcp"/>
  <File Type="ROUTE-DRC" Name="bit4_down_counter_syn_load_enable_clear_drc_routed.rpt"/>
  <File Type="ROUTE-DRC-PB" Name="bit4_down_counter_syn_load_enable_clear_drc_routed.pb"/>
  <File Type="ROUTE-DRC-RPX" Name="bit4_down_counter_syn_load_enable_clear_drc_routed.rpx"/>
  <File Type="BG-BIN" Name="bit4_down_counter_syn_load_enable_clear.bin"/>
  <File Type="ROUTE-METHODOLOGY-DRC" Name="bit4_down_counter_syn_load_enable_clear_methodology_drc_routed.rpt"/>
  <File Type="BG-DRC" Name="bit4_down_counter_syn_load_enable_clear.drc"/>
  <File Type="ROUTE-METHODOLOGY-DRC-RPX" Name="bit4_down_counter_syn_load_enable_clear_methodology_drc_routed.rpx"/>
  <File Type="BITSTR-MSK" Name="bit4_down_counter_syn_load_enable_clear.msk"/>
  <File Type="ROUTE-METHODOLOGY-DRC-PB" Name="bit4_down_counter_syn_load_enable_clear_methodology_drc_routed.pb"/>
  <File Type="BG-BGN" Name="bit4_down_counter_syn_load_enable_clear.bgn"/>
  <File Type="ROUTE-PWR" Name="bit4_down_counter_syn_load_enable_clear_power_routed.rpt"/>
  <File Type="ROUTE-PWR-SUM" Name="bit4_down_counter_syn_load_enable_clear_power_summary_routed.pb"/>
  <File Type="ROUTE-STATUS" Name="bit4_down_counter_syn_load_enable_clear_route_status.rpt"/>
  <File Type="ROUTE-STATUS-PB" Name="bit4_down_counter_syn_load_enable_clear_route_status.pb"/>
  <File Type="ROUTE-TIMINGSUMMARY" Name="bit4_down_counter_syn_load_enable_clear_timing_summary_routed.rpt"/>
  <File Type="ROUTE-TIMING-PB" Name="bit4_down_counter_syn_load_enable_clear_timing_summary_routed.pb"/>
  <File Type="ROUTE-TIMING-RPX" Name="bit4_down_counter_syn_load_enable_clear_timing_summary_routed.rpx"/>
  <File Type="ROUTE-SIMILARITY" Name="bit4_down_counter_syn_load_enable_clear_incremental_reuse_routed.rpt"/>
  <File Type="ROUTE-CLK" Name="bit4_down_counter_syn_load_enable_clear_clock_utilization_routed.rpt"/>
  <File Type="POSTROUTE-PHYSOPT-DCP" Name="bit4_down_counter_syn_load_enable_clear_postroute_physopt.dcp"/>
  <File Type="POSTROUTE-PHYSOPT-BLACKBOX-DCP" Name="bit4_down_counter_syn_load_enable_clear_postroute_physopt_bb.dcp"/>
  <File Type="POSTROUTE-PHYSOPT-TIMING" Name="bit4_down_counter_syn_load_enable_clear_timing_summary_postroute_physopted.rpt"/>
  <File Type="POSTROUTE-PHYSOPT-TIMING-PB" Name="bit4_down_counter_syn_load_enable_clear_timing_summary_postroute_physopted.pb"/>
  <File Type="POSTROUTE-PHYSOPT-TIMING-RPX" Name="bit4_down_counter_syn_load_enable_clear_timing_summary_postroute_physopted.rpx"/>
  <File Type="BG-BIT" Name="bit4_down_counter_syn_load_enable_clear.bit"/>
  <File Type="BITSTR-RBT" Name="bit4_down_counter_syn_load_enable_clear.rbt"/>
  <File Type="BITSTR-NKY" Name="bit4_down_counter_syn_load_enable_clear.nky"/>
  <File Type="BITSTR-BMM" Name="bit4_down_counter_syn_load_enable_clear_bd.bmm"/>
  <File Type="BITSTR-MMI" Name="bit4_down_counter_syn_load_enable_clear.mmi"/>
  <File Type="BITSTR-SYSDEF" Name="bit4_down_counter_syn_load_enable_clear.sysdef"/>
  <File Type="WBT-USG" Name="usage_statistics_webtalk.html"/>
  <FileSet Name="sources" Type="DesignSrcs" RelSrcDir="$PSRCDIR/sources_1">
    <Filter Type="Srcs"/>
    <File Path="$PSRCDIR/sources_1/new/bit4_down_counter_syn_load_enable_clear.v">
      <FileInfo>
        <Attr Name="UsedIn" Val="synthesis"/>
        <Attr Name="UsedIn" Val="implementation"/>
        <Attr Name="UsedIn" Val="simulation"/>
      </FileInfo>
    </File>
    <Config>
      <Option Name="DesignMode" Val="RTL"/>
      <Option Name="TopModule" Val="bit4_down_counter_syn_load_enable_clear"/>
      <Option Name="TopAutoSet" Val="TRUE"/>
    </Config>
  </FileSet>
  <FileSet Name="constrs_in" Type="Constrs" RelSrcDir="$PSRCDIR/constrs_1">
    <Filter Type="Constrs"/>
    <File Path="$PSRCDIR/constrs_1/new/constraint621.xdc">
      <FileInfo>
        <Attr Name="UsedIn" Val="synthesis"/>
        <Attr Name="UsedIn" Val="implementation"/>
      </FileInfo>
    </File>
    <Config>
      <Option Name="ConstrsType" Val="XDC"/>
    </Config>
  </FileSet>
  <Strategy Version="1" Minor="2">
    <StratHandle Name="Vivado Implementation Defaults" Flow="Vivado Implementation 2016"/>
    <Step Id="init_design"/>
    <Step Id="opt_design"/>
    <Step Id="power_opt_design"/>
    <Step Id="place_design"/>
    <Step Id="post_place_power_opt_design"/>
    <Step Id="phys_opt_design"/>
    <Step Id="route_design"/>
    <Step Id="post_route_phys_opt_design"/>
    <Step Id="write_bitstream"/>
  </Strategy>
</GenRun>
