<?xml version="1.0" encoding="UTF-8"?>
<GenRun Id="impl_1" LaunchPart="xc7a100tcsg324-1" LaunchTime="1614912356">
  <File Type="PWROPT-DRC" Name="Parallel_in_serial_out_load_enable_behavior_drc_pwropted.rpt"/>
  <File Type="OPT-METHODOLOGY-DRC" Name="Parallel_in_serial_out_load_enable_behavior_methodology_drc_opted.rpt"/>
  <File Type="INIT-TIMING" Name="Parallel_in_serial_out_load_enable_behavior_timing_summary_init.rpt"/>
  <File Type="ROUTE-PWR-RPX" Name="Parallel_in_serial_out_load_enable_behavior_power_routed.rpx"/>
  <File Type="PA-TCL" Name="Parallel_in_serial_out_load_enable_behavior.tcl"/>
  <File Type="OPT-HWDEF" Name="Parallel_in_serial_out_load_enable_behavior.hwdef"/>
  <File Type="RDI-RDI" Name="Parallel_in_serial_out_load_enable_behavior.vdi"/>
  <File Type="OPT-DCP" Name="Parallel_in_serial_out_load_enable_behavior_opt.dcp"/>
  <File Type="OPT-DRC" Name="Parallel_in_serial_out_load_enable_behavior_drc_opted.rpt"/>
  <File Type="OPT-TIMING" Name="Parallel_in_serial_out_load_enable_behavior_timing_summary_opted.rpt"/>
  <File Type="PWROPT-DCP" Name="Parallel_in_serial_out_load_enable_behavior_pwropt.dcp"/>
  <File Type="PWROPT-TIMING" Name="Parallel_in_serial_out_load_enable_behavior_timing_summary_pwropted.rpt"/>
  <File Type="PLACE-DCP" Name="Parallel_in_serial_out_load_enable_behavior_placed.dcp"/>
  <File Type="PLACE-IO" Name="Parallel_in_serial_out_load_enable_behavior_io_placed.rpt"/>
  <File Type="PLACE-CLK" Name="Parallel_in_serial_out_load_enable_behavior_clock_utilization_placed.rpt"/>
  <File Type="PLACE-UTIL" Name="Parallel_in_serial_out_load_enable_behavior_utilization_placed.rpt"/>
  <File Type="PLACE-UTIL-PB" Name="Parallel_in_serial_out_load_enable_behavior_utilization_placed.pb"/>
  <File Type="PLACE-CTRL" Name="Parallel_in_serial_out_load_enable_behavior_control_sets_placed.rpt"/>
  <File Type="PLACE-SIMILARITY" Name="Parallel_in_serial_out_load_enable_behavior_incremental_reuse_placed.rpt"/>
  <File Type="PLACE-PRE-SIMILARITY" Name="Parallel_in_serial_out_load_enable_behavior_incremental_reuse_pre_placed.rpt"/>
  <File Type="PLACE-TIMING" Name="Parallel_in_serial_out_load_enable_behavior_timing_summary_placed.rpt"/>
  <File Type="POSTPLACE-PWROPT-DCP" Name="Parallel_in_serial_out_load_enable_behavior_postplace_pwropt.dcp"/>
  <File Type="POSTPLACE-PWROPT-TIMING" Name="Parallel_in_serial_out_load_enable_behavior_timing_summary_postplace_pwropted.rpt"/>
  <File Type="PHYSOPT-DCP" Name="Parallel_in_serial_out_load_enable_behavior_physopt.dcp"/>
  <File Type="PHYSOPT-DRC" Name="Parallel_in_serial_out_load_enable_behavior_drc_physopted.rpt"/>
  <File Type="PHYSOPT-TIMING" Name="Parallel_in_serial_out_load_enable_behavior_timing_summary_physopted.rpt"/>
  <File Type="ROUTE-ERROR-DCP" Name="Parallel_in_serial_out_load_enable_behavior_routed_error.dcp"/>
  <File Type="ROUTE-DCP" Name="Parallel_in_serial_out_load_enable_behavior_routed.dcp"/>
  <File Type="ROUTE-BLACKBOX-DCP" Name="Parallel_in_serial_out_load_enable_behavior_routed_bb.dcp"/>
  <File Type="ROUTE-DRC" Name="Parallel_in_serial_out_load_enable_behavior_drc_routed.rpt"/>
  <File Type="ROUTE-DRC-PB" Name="Parallel_in_serial_out_load_enable_behavior_drc_routed.pb"/>
  <File Type="BG-BIN" Name="Parallel_in_serial_out_load_enable_behavior.bin"/>
  <File Type="ROUTE-DRC-RPX" Name="Parallel_in_serial_out_load_enable_behavior_drc_routed.rpx"/>
  <File Type="BG-DRC" Name="Parallel_in_serial_out_load_enable_behavior.drc"/>
  <File Type="ROUTE-METHODOLOGY-DRC" Name="Parallel_in_serial_out_load_enable_behavior_methodology_drc_routed.rpt"/>
  <File Type="BITSTR-MSK" Name="Parallel_in_serial_out_load_enable_behavior.msk"/>
  <File Type="ROUTE-METHODOLOGY-DRC-RPX" Name="Parallel_in_serial_out_load_enable_behavior_methodology_drc_routed.rpx"/>
  <File Type="BG-BGN" Name="Parallel_in_serial_out_load_enable_behavior.bgn"/>
  <File Type="ROUTE-METHODOLOGY-DRC-PB" Name="Parallel_in_serial_out_load_enable_behavior_methodology_drc_routed.pb"/>
  <File Type="ROUTE-PWR" Name="Parallel_in_serial_out_load_enable_behavior_power_routed.rpt"/>
  <File Type="ROUTE-PWR-SUM" Name="Parallel_in_serial_out_load_enable_behavior_power_summary_routed.pb"/>
  <File Type="ROUTE-STATUS" Name="Parallel_in_serial_out_load_enable_behavior_route_status.rpt"/>
  <File Type="ROUTE-STATUS-PB" Name="Parallel_in_serial_out_load_enable_behavior_route_status.pb"/>
  <File Type="ROUTE-TIMINGSUMMARY" Name="Parallel_in_serial_out_load_enable_behavior_timing_summary_routed.rpt"/>
  <File Type="ROUTE-TIMING-PB" Name="Parallel_in_serial_out_load_enable_behavior_timing_summary_routed.pb"/>
  <File Type="ROUTE-TIMING-RPX" Name="Parallel_in_serial_out_load_enable_behavior_timing_summary_routed.rpx"/>
  <File Type="ROUTE-SIMILARITY" Name="Parallel_in_serial_out_load_enable_behavior_incremental_reuse_routed.rpt"/>
  <File Type="ROUTE-CLK" Name="Parallel_in_serial_out_load_enable_behavior_clock_utilization_routed.rpt"/>
  <File Type="POSTROUTE-PHYSOPT-DCP" Name="Parallel_in_serial_out_load_enable_behavior_postroute_physopt.dcp"/>
  <File Type="POSTROUTE-PHYSOPT-BLACKBOX-DCP" Name="Parallel_in_serial_out_load_enable_behavior_postroute_physopt_bb.dcp"/>
  <File Type="POSTROUTE-PHYSOPT-TIMING" Name="Parallel_in_serial_out_load_enable_behavior_timing_summary_postroute_physopted.rpt"/>
  <File Type="POSTROUTE-PHYSOPT-TIMING-PB" Name="Parallel_in_serial_out_load_enable_behavior_timing_summary_postroute_physopted.pb"/>
  <File Type="POSTROUTE-PHYSOPT-TIMING-RPX" Name="Parallel_in_serial_out_load_enable_behavior_timing_summary_postroute_physopted.rpx"/>
  <File Type="BG-BIT" Name="Parallel_in_serial_out_load_enable_behavior.bit"/>
  <File Type="BITSTR-RBT" Name="Parallel_in_serial_out_load_enable_behavior.rbt"/>
  <File Type="BITSTR-NKY" Name="Parallel_in_serial_out_load_enable_behavior.nky"/>
  <File Type="BITSTR-BMM" Name="Parallel_in_serial_out_load_enable_behavior_bd.bmm"/>
  <File Type="BITSTR-MMI" Name="Parallel_in_serial_out_load_enable_behavior.mmi"/>
  <File Type="BITSTR-SYSDEF" Name="Parallel_in_serial_out_load_enable_behavior.sysdef"/>
  <File Type="WBT-USG" Name="usage_statistics_webtalk.html"/>
  <FileSet Name="sources" Type="DesignSrcs" RelSrcDir="$PSRCDIR/sources_1">
    <Filter Type="Srcs"/>
    <File Path="$PSRCDIR/sources_1/new/Parallel_in_serial_out_load_enable_behavior.v">
      <FileInfo>
        <Attr Name="UsedIn" Val="synthesis"/>
        <Attr Name="UsedIn" Val="implementation"/>
        <Attr Name="UsedIn" Val="simulation"/>
      </FileInfo>
    </File>
    <Config>
      <Option Name="DesignMode" Val="RTL"/>
      <Option Name="TopModule" Val="Parallel_in_serial_out_load_enable_behavior"/>
      <Option Name="TopAutoSet" Val="TRUE"/>
    </Config>
  </FileSet>
  <FileSet Name="constrs_in" Type="Constrs" RelSrcDir="$PSRCDIR/constrs_1">
    <Filter Type="Constrs"/>
    <File Path="$PSRCDIR/constrs_1/new/constraint614.xdc">
      <FileInfo>
        <Attr Name="UsedIn" Val="synthesis"/>
        <Attr Name="UsedIn" Val="implementation"/>
      </FileInfo>
    </File>
    <Config>
      <Option Name="ConstrsType" Val="XDC"/>
    </Config>
  </FileSet>
  <Strategy Version="1" Minor="2">
    <StratHandle Name="Vivado Implementation Defaults" Flow="Vivado Implementation 2016">
      <Desc>Default settings for Implementation.</Desc>
    </StratHandle>
    <Step Id="init_design"/>
    <Step Id="opt_design"/>
    <Step Id="power_opt_design"/>
    <Step Id="place_design"/>
    <Step Id="post_place_power_opt_design"/>
    <Step Id="phys_opt_design"/>
    <Step Id="route_design"/>
    <Step Id="post_route_phys_opt_design"/>
    <Step Id="write_bitstream"/>
  </Strategy>
</GenRun>
