<?xml version="1.0" encoding="UTF-8"?>
<GenRun Id="synth_1" LaunchPart="xc7a100tcsg324-1" LaunchTime="1614912356">
  <File Type="RDS-PROPCONSTRS" Name="Parallel_in_serial_out_load_enable_behavior_drc_synth.rpt"/>
  <File Type="PA-TCL" Name="Parallel_in_serial_out_load_enable_behavior.tcl"/>
  <File Type="RDS-RDS" Name="Parallel_in_serial_out_load_enable_behavior.vds"/>
  <File Type="RDS-UTIL" Name="Parallel_in_serial_out_load_enable_behavior_utilization_synth.rpt"/>
  <File Type="RDS-UTIL-PB" Name="Parallel_in_serial_out_load_enable_behavior_utilization_synth.pb"/>
  <File Type="RDS-DCP" Name="Parallel_in_serial_out_load_enable_behavior.dcp"/>
  <File Type="VDS-TIMINGSUMMARY" Name="Parallel_in_serial_out_load_enable_behavior_timing_summary_synth.rpt"/>
  <File Type="VDS-TIMING-PB" Name="Parallel_in_serial_out_load_enable_behavior_timing_summary_synth.pb"/>
  <FileSet Name="sources" Type="DesignSrcs" RelSrcDir="$PSRCDIR/sources_1">
    <Filter Type="Srcs"/>
    <File Path="$PSRCDIR/sources_1/new/Parallel_in_serial_out_load_enable_behavior.v">
      <FileInfo>
        <Attr Name="UsedIn" Val="synthesis"/>
        <Attr Name="UsedIn" Val="implementation"/>
        <Attr Name="UsedIn" Val="simulation"/>
      </FileInfo>
    </File>
    <Config>
      <Option Name="DesignMode" Val="RTL"/>
      <Option Name="TopModule" Val="Parallel_in_serial_out_load_enable_behavior"/>
      <Option Name="TopAutoSet" Val="TRUE"/>
    </Config>
  </FileSet>
  <FileSet Name="constrs_in" Type="Constrs" RelSrcDir="$PSRCDIR/constrs_1">
    <Filter Type="Constrs"/>
    <File Path="$PSRCDIR/constrs_1/new/constraint614.xdc">
      <FileInfo>
        <Attr Name="UsedIn" Val="synthesis"/>
        <Attr Name="UsedIn" Val="implementation"/>
      </FileInfo>
    </File>
    <Config>
      <Option Name="ConstrsType" Val="XDC"/>
    </Config>
  </FileSet>
  <Strategy Version="1" Minor="2">
    <StratHandle Name="Vivado Synthesis Defaults" Flow="Vivado Synthesis 2016">
      <Desc>Vivado Synthesis Defaults</Desc>
    </StratHandle>
    <Step Id="synth_design"/>
  </Strategy>
</GenRun>
