<?xml version="1.0" encoding="UTF-8"?>
<GenRun Id="synth_1" LaunchPart="xc7a100tcsg324-1" LaunchTime="1614315944">
  <File Type="RDS-PROPCONSTRS" Name="rca_dataflow_drc_synth.rpt"/>
  <File Type="PA-TCL" Name="rca_dataflow.tcl"/>
  <File Type="RDS-RDS" Name="rca_dataflow.vds"/>
  <File Type="RDS-UTIL" Name="rca_dataflow_utilization_synth.rpt"/>
  <File Type="RDS-UTIL-PB" Name="rca_dataflow_utilization_synth.pb"/>
  <File Type="RDS-DCP" Name="rca_dataflow.dcp"/>
  <File Type="VDS-TIMINGSUMMARY" Name="rca_dataflow_timing_summary_synth.rpt"/>
  <File Type="VDS-TIMING-PB" Name="rca_dataflow_timing_summary_synth.pb"/>
  <FileSet Name="sources" Type="DesignSrcs" RelSrcDir="$PSRCDIR/sources_1">
    <Filter Type="Srcs"/>
    <File Path="$PSRCDIR/sources_1/new/fulladder_dataflow.v">
      <FileInfo>
        <Attr Name="ImportPath" Val="$PPRDIR/../lab2_3_1/lab2_3_1.srcs/sources_1/new/fulladder_dataflow.v"/>
        <Attr Name="ImportTime" Val="1614312625"/>
        <Attr Name="UsedIn" Val="synthesis"/>
        <Attr Name="UsedIn" Val="implementation"/>
        <Attr Name="UsedIn" Val="simulation"/>
      </FileInfo>
    </File>
    <Config>
      <Option Name="DesignMode" Val="RTL"/>
      <Option Name="TopModule" Val="rca_dataflow"/>
      <Option Name="TopAutoSet" Val="TRUE"/>
    </Config>
  </FileSet>
  <FileSet Name="constrs_in" Type="Constrs" RelSrcDir="$PSRCDIR/constrs_1">
    <Filter Type="Constrs"/>
    <File Path="$PSRCDIR/constrs_1/new/231constraint.xdc">
      <FileInfo>
        <Attr Name="ImportPath" Val="$PPRDIR/../lab2_3_1/lab2_3_1.srcs/constrs_1/new/231constraint.xdc"/>
        <Attr Name="ImportTime" Val="1614312669"/>
        <Attr Name="UsedIn" Val="synthesis"/>
        <Attr Name="UsedIn" Val="implementation"/>
      </FileInfo>
    </File>
    <Config>
      <Option Name="ConstrsType" Val="XDC"/>
    </Config>
  </FileSet>
  <Strategy Version="1" Minor="2">
    <StratHandle Name="Vivado Synthesis Defaults" Flow="Vivado Synthesis 2016">
      <Desc>Vivado Synthesis Defaults</Desc>
    </StratHandle>
    <Step Id="synth_design"/>
  </Strategy>
</GenRun>
