<?xml version="1.0" encoding="UTF-8"?>
<GenRun Id="impl_1" LaunchPart="xc7a100tcsg324-1" LaunchTime="1614908402">
  <File Type="PWROPT-DRC" Name="reg_with_syn_reset_set_load_drc_pwropted.rpt"/>
  <File Type="OPT-METHODOLOGY-DRC" Name="reg_with_syn_reset_set_load_methodology_drc_opted.rpt"/>
  <File Type="INIT-TIMING" Name="reg_with_syn_reset_set_load_timing_summary_init.rpt"/>
  <File Type="ROUTE-PWR-RPX" Name="reg_with_syn_reset_set_load_power_routed.rpx"/>
  <File Type="PA-TCL" Name="reg_with_syn_reset_set_load.tcl"/>
  <File Type="OPT-HWDEF" Name="reg_with_syn_reset_set_load.hwdef"/>
  <File Type="RDI-RDI" Name="reg_with_syn_reset_set_load.vdi"/>
  <File Type="OPT-DCP" Name="reg_with_syn_reset_set_load_opt.dcp"/>
  <File Type="OPT-DRC" Name="reg_with_syn_reset_set_load_drc_opted.rpt"/>
  <File Type="OPT-TIMING" Name="reg_with_syn_reset_set_load_timing_summary_opted.rpt"/>
  <File Type="PWROPT-DCP" Name="reg_with_syn_reset_set_load_pwropt.dcp"/>
  <File Type="PWROPT-TIMING" Name="reg_with_syn_reset_set_load_timing_summary_pwropted.rpt"/>
  <File Type="PLACE-DCP" Name="reg_with_syn_reset_set_load_placed.dcp"/>
  <File Type="PLACE-IO" Name="reg_with_syn_reset_set_load_io_placed.rpt"/>
  <File Type="PLACE-CLK" Name="reg_with_syn_reset_set_load_clock_utilization_placed.rpt"/>
  <File Type="PLACE-UTIL" Name="reg_with_syn_reset_set_load_utilization_placed.rpt"/>
  <File Type="PLACE-UTIL-PB" Name="reg_with_syn_reset_set_load_utilization_placed.pb"/>
  <File Type="PLACE-CTRL" Name="reg_with_syn_reset_set_load_control_sets_placed.rpt"/>
  <File Type="PLACE-SIMILARITY" Name="reg_with_syn_reset_set_load_incremental_reuse_placed.rpt"/>
  <File Type="PLACE-PRE-SIMILARITY" Name="reg_with_syn_reset_set_load_incremental_reuse_pre_placed.rpt"/>
  <File Type="PLACE-TIMING" Name="reg_with_syn_reset_set_load_timing_summary_placed.rpt"/>
  <File Type="POSTPLACE-PWROPT-DCP" Name="reg_with_syn_reset_set_load_postplace_pwropt.dcp"/>
  <File Type="POSTPLACE-PWROPT-TIMING" Name="reg_with_syn_reset_set_load_timing_summary_postplace_pwropted.rpt"/>
  <File Type="PHYSOPT-DCP" Name="reg_with_syn_reset_set_load_physopt.dcp"/>
  <File Type="PHYSOPT-DRC" Name="reg_with_syn_reset_set_load_drc_physopted.rpt"/>
  <File Type="PHYSOPT-TIMING" Name="reg_with_syn_reset_set_load_timing_summary_physopted.rpt"/>
  <File Type="ROUTE-ERROR-DCP" Name="reg_with_syn_reset_set_load_routed_error.dcp"/>
  <File Type="ROUTE-DCP" Name="reg_with_syn_reset_set_load_routed.dcp"/>
  <File Type="ROUTE-BLACKBOX-DCP" Name="reg_with_syn_reset_set_load_routed_bb.dcp"/>
  <File Type="ROUTE-DRC" Name="reg_with_syn_reset_set_load_drc_routed.rpt"/>
  <File Type="ROUTE-DRC-PB" Name="reg_with_syn_reset_set_load_drc_routed.pb"/>
  <File Type="BG-BIN" Name="reg_with_syn_reset_set_load.bin"/>
  <File Type="ROUTE-DRC-RPX" Name="reg_with_syn_reset_set_load_drc_routed.rpx"/>
  <File Type="BG-DRC" Name="reg_with_syn_reset_set_load.drc"/>
  <File Type="ROUTE-METHODOLOGY-DRC" Name="reg_with_syn_reset_set_load_methodology_drc_routed.rpt"/>
  <File Type="BITSTR-MSK" Name="reg_with_syn_reset_set_load.msk"/>
  <File Type="ROUTE-METHODOLOGY-DRC-RPX" Name="reg_with_syn_reset_set_load_methodology_drc_routed.rpx"/>
  <File Type="BG-BGN" Name="reg_with_syn_reset_set_load.bgn"/>
  <File Type="ROUTE-METHODOLOGY-DRC-PB" Name="reg_with_syn_reset_set_load_methodology_drc_routed.pb"/>
  <File Type="ROUTE-PWR" Name="reg_with_syn_reset_set_load_power_routed.rpt"/>
  <File Type="ROUTE-PWR-SUM" Name="reg_with_syn_reset_set_load_power_summary_routed.pb"/>
  <File Type="ROUTE-STATUS" Name="reg_with_syn_reset_set_load_route_status.rpt"/>
  <File Type="ROUTE-STATUS-PB" Name="reg_with_syn_reset_set_load_route_status.pb"/>
  <File Type="ROUTE-TIMINGSUMMARY" Name="reg_with_syn_reset_set_load_timing_summary_routed.rpt"/>
  <File Type="ROUTE-TIMING-PB" Name="reg_with_syn_reset_set_load_timing_summary_routed.pb"/>
  <File Type="ROUTE-TIMING-RPX" Name="reg_with_syn_reset_set_load_timing_summary_routed.rpx"/>
  <File Type="ROUTE-SIMILARITY" Name="reg_with_syn_reset_set_load_incremental_reuse_routed.rpt"/>
  <File Type="ROUTE-CLK" Name="reg_with_syn_reset_set_load_clock_utilization_routed.rpt"/>
  <File Type="POSTROUTE-PHYSOPT-DCP" Name="reg_with_syn_reset_set_load_postroute_physopt.dcp"/>
  <File Type="POSTROUTE-PHYSOPT-BLACKBOX-DCP" Name="reg_with_syn_reset_set_load_postroute_physopt_bb.dcp"/>
  <File Type="POSTROUTE-PHYSOPT-TIMING" Name="reg_with_syn_reset_set_load_timing_summary_postroute_physopted.rpt"/>
  <File Type="POSTROUTE-PHYSOPT-TIMING-PB" Name="reg_with_syn_reset_set_load_timing_summary_postroute_physopted.pb"/>
  <File Type="POSTROUTE-PHYSOPT-TIMING-RPX" Name="reg_with_syn_reset_set_load_timing_summary_postroute_physopted.rpx"/>
  <File Type="BG-BIT" Name="reg_with_syn_reset_set_load.bit"/>
  <File Type="BITSTR-RBT" Name="reg_with_syn_reset_set_load.rbt"/>
  <File Type="BITSTR-NKY" Name="reg_with_syn_reset_set_load.nky"/>
  <File Type="BITSTR-BMM" Name="reg_with_syn_reset_set_load_bd.bmm"/>
  <File Type="BITSTR-MMI" Name="reg_with_syn_reset_set_load.mmi"/>
  <File Type="BITSTR-SYSDEF" Name="reg_with_syn_reset_set_load.sysdef"/>
  <File Type="WBT-USG" Name="usage_statistics_webtalk.html"/>
  <FileSet Name="sources" Type="DesignSrcs" RelSrcDir="$PSRCDIR/sources_1">
    <Filter Type="Srcs"/>
    <File Path="$PSRCDIR/sources_1/new/reg_with_syn_reset_set_load.v">
      <FileInfo>
        <Attr Name="UsedIn" Val="synthesis"/>
        <Attr Name="UsedIn" Val="implementation"/>
        <Attr Name="UsedIn" Val="simulation"/>
      </FileInfo>
    </File>
    <Config>
      <Option Name="DesignMode" Val="RTL"/>
      <Option Name="TopModule" Val="reg_with_syn_reset_set_load"/>
      <Option Name="TopAutoSet" Val="TRUE"/>
    </Config>
  </FileSet>
  <FileSet Name="constrs_in" Type="Constrs" RelSrcDir="$PSRCDIR/constrs_1">
    <Filter Type="Constrs"/>
    <File Path="$PSRCDIR/constrs_1/new/constraint612.xdc">
      <FileInfo>
        <Attr Name="UsedIn" Val="synthesis"/>
        <Attr Name="UsedIn" Val="implementation"/>
      </FileInfo>
    </File>
    <Config>
      <Option Name="ConstrsType" Val="XDC"/>
    </Config>
  </FileSet>
  <Strategy Version="1" Minor="2">
    <StratHandle Name="Vivado Implementation Defaults" Flow="Vivado Implementation 2016">
      <Desc>Default settings for Implementation.</Desc>
    </StratHandle>
    <Step Id="init_design"/>
    <Step Id="opt_design"/>
    <Step Id="power_opt_design"/>
    <Step Id="place_design"/>
    <Step Id="post_place_power_opt_design"/>
    <Step Id="phys_opt_design"/>
    <Step Id="route_design"/>
    <Step Id="post_route_phys_opt_design"/>
    <Step Id="write_bitstream"/>
  </Strategy>
</GenRun>
