<?xml version="1.0" encoding="UTF-8"?>
<GenRun Id="synth_1" LaunchPart="xc7a100tcsg324-1" LaunchTime="1644959982">
  <File Type="RDS-PROPCONSTRS" Name="tutorial_drc_synth.rpt"/>
  <File Type="PA-TCL" Name="tutorial.tcl"/>
  <File Type="RDS-RDS" Name="tutorial.vds"/>
  <File Type="RDS-UTIL" Name="tutorial_utilization_synth.rpt"/>
  <File Type="RDS-UTIL-PB" Name="tutorial_utilization_synth.pb"/>
  <File Type="RDS-DCP" Name="tutorial.dcp"/>
  <File Type="VDS-TIMINGSUMMARY" Name="tutorial_timing_summary_synth.rpt"/>
  <File Type="VDS-TIMING-PB" Name="tutorial_timing_summary_synth.pb"/>
  <FileSet Name="sources" Type="DesignSrcs" RelSrcDir="$PSRCDIR/sources_1">
    <Filter Type="Srcs"/>
    <File Path="$PPRDIR/lab_sources/intro_tutorial_2016/intro_tutorial.v">
      <FileInfo>
        <Attr Name="UsedIn" Val="synthesis"/>
        <Attr Name="UsedIn" Val="implementation"/>
        <Attr Name="UsedIn" Val="simulation"/>
      </FileInfo>
    </File>
    <Config>
      <Option Name="DesignMode" Val="RTL"/>
      <Option Name="TopModule" Val="tutorial"/>
      <Option Name="TopAutoSet" Val="TRUE"/>
    </Config>
  </FileSet>
  <FileSet Name="constrs_in" Type="Constrs" RelSrcDir="$PSRCDIR/constrs_1">
    <Filter Type="Constrs"/>
    <File Path="$PPRDIR/lab_sources/intro_tutorial_2016/Basys3_Master.xdc">
      <FileInfo>
        <Attr Name="UserDisabled" Val="1"/>
        <Attr Name="UsedIn" Val="synthesis"/>
        <Attr Name="UsedIn" Val="implementation"/>
      </FileInfo>
    </File>
    <File Path="$PSRCDIR/constrs_1/new/Must_have.xdc">
      <FileInfo>
        <Attr Name="UsedIn" Val="synthesis"/>
        <Attr Name="UsedIn" Val="implementation"/>
      </FileInfo>
    </File>
    <Config>
      <Option Name="ConstrsType" Val="XDC"/>
    </Config>
  </FileSet>
  <Strategy Version="1" Minor="2">
    <StratHandle Name="Vivado Synthesis Defaults" Flow="Vivado Synthesis 2016"/>
    <Step Id="synth_design"/>
  </Strategy>
</GenRun>
