<?xml version="1.0" encoding="UTF-8"?>
<GenRun Id="impl_1" LaunchPart="xc7a100tcsg324-1" LaunchTime="1616975797">
  <File Type="PWROPT-DRC" Name="lab131_drc_pwropted.rpt"/>
  <File Type="OPT-METHODOLOGY-DRC" Name="lab131_methodology_drc_opted.rpt"/>
  <File Type="INIT-TIMING" Name="lab131_timing_summary_init.rpt"/>
  <File Type="ROUTE-PWR-RPX" Name="lab131_power_routed.rpx"/>
  <File Type="PA-TCL" Name="lab131.tcl"/>
  <File Type="OPT-HWDEF" Name="lab131.hwdef"/>
  <File Type="RDI-RDI" Name="lab131.vdi"/>
  <File Type="OPT-DCP" Name="lab131_opt.dcp"/>
  <File Type="OPT-DRC" Name="lab131_drc_opted.rpt"/>
  <File Type="OPT-TIMING" Name="lab131_timing_summary_opted.rpt"/>
  <File Type="PWROPT-DCP" Name="lab131_pwropt.dcp"/>
  <File Type="PWROPT-TIMING" Name="lab131_timing_summary_pwropted.rpt"/>
  <File Type="PLACE-DCP" Name="lab131_placed.dcp"/>
  <File Type="PLACE-IO" Name="lab131_io_placed.rpt"/>
  <File Type="PLACE-CLK" Name="lab131_clock_utilization_placed.rpt"/>
  <File Type="PLACE-UTIL" Name="lab131_utilization_placed.rpt"/>
  <File Type="PLACE-UTIL-PB" Name="lab131_utilization_placed.pb"/>
  <File Type="PLACE-CTRL" Name="lab131_control_sets_placed.rpt"/>
  <File Type="PLACE-SIMILARITY" Name="lab131_incremental_reuse_placed.rpt"/>
  <File Type="PLACE-PRE-SIMILARITY" Name="lab131_incremental_reuse_pre_placed.rpt"/>
  <File Type="PLACE-TIMING" Name="lab131_timing_summary_placed.rpt"/>
  <File Type="POSTPLACE-PWROPT-DCP" Name="lab131_postplace_pwropt.dcp"/>
  <File Type="POSTPLACE-PWROPT-TIMING" Name="lab131_timing_summary_postplace_pwropted.rpt"/>
  <File Type="PHYSOPT-DCP" Name="lab131_physopt.dcp"/>
  <File Type="PHYSOPT-DRC" Name="lab131_drc_physopted.rpt"/>
  <File Type="PHYSOPT-TIMING" Name="lab131_timing_summary_physopted.rpt"/>
  <File Type="ROUTE-ERROR-DCP" Name="lab131_routed_error.dcp"/>
  <File Type="ROUTE-DCP" Name="lab131_routed.dcp"/>
  <File Type="ROUTE-BLACKBOX-DCP" Name="lab131_routed_bb.dcp"/>
  <File Type="ROUTE-DRC" Name="lab131_drc_routed.rpt"/>
  <File Type="ROUTE-DRC-PB" Name="lab131_drc_routed.pb"/>
  <File Type="BG-BIN" Name="lab131.bin"/>
  <File Type="ROUTE-DRC-RPX" Name="lab131_drc_routed.rpx"/>
  <File Type="BG-DRC" Name="lab131.drc"/>
  <File Type="ROUTE-METHODOLOGY-DRC" Name="lab131_methodology_drc_routed.rpt"/>
  <File Type="BITSTR-MSK" Name="lab131.msk"/>
  <File Type="ROUTE-METHODOLOGY-DRC-RPX" Name="lab131_methodology_drc_routed.rpx"/>
  <File Type="BG-BGN" Name="lab131.bgn"/>
  <File Type="ROUTE-METHODOLOGY-DRC-PB" Name="lab131_methodology_drc_routed.pb"/>
  <File Type="ROUTE-PWR" Name="lab131_power_routed.rpt"/>
  <File Type="ROUTE-PWR-SUM" Name="lab131_power_summary_routed.pb"/>
  <File Type="ROUTE-STATUS" Name="lab131_route_status.rpt"/>
  <File Type="ROUTE-STATUS-PB" Name="lab131_route_status.pb"/>
  <File Type="ROUTE-TIMINGSUMMARY" Name="lab131_timing_summary_routed.rpt"/>
  <File Type="ROUTE-TIMING-PB" Name="lab131_timing_summary_routed.pb"/>
  <File Type="ROUTE-TIMING-RPX" Name="lab131_timing_summary_routed.rpx"/>
  <File Type="ROUTE-SIMILARITY" Name="lab131_incremental_reuse_routed.rpt"/>
  <File Type="ROUTE-CLK" Name="lab131_clock_utilization_routed.rpt"/>
  <File Type="POSTROUTE-PHYSOPT-DCP" Name="lab131_postroute_physopt.dcp"/>
  <File Type="POSTROUTE-PHYSOPT-BLACKBOX-DCP" Name="lab131_postroute_physopt_bb.dcp"/>
  <File Type="POSTROUTE-PHYSOPT-TIMING" Name="lab131_timing_summary_postroute_physopted.rpt"/>
  <File Type="POSTROUTE-PHYSOPT-TIMING-PB" Name="lab131_timing_summary_postroute_physopted.pb"/>
  <File Type="POSTROUTE-PHYSOPT-TIMING-RPX" Name="lab131_timing_summary_postroute_physopted.rpx"/>
  <File Type="BG-BIT" Name="lab131.bit"/>
  <File Type="BITSTR-RBT" Name="lab131.rbt"/>
  <File Type="BITSTR-NKY" Name="lab131.nky"/>
  <File Type="BITSTR-BMM" Name="lab131_bd.bmm"/>
  <File Type="BITSTR-MMI" Name="lab131.mmi"/>
  <File Type="BITSTR-SYSDEF" Name="lab131.sysdef"/>
  <File Type="WBT-USG" Name="usage_statistics_webtalk.html"/>
  <FileSet Name="sources" Type="DesignSrcs" RelSrcDir="$PSRCDIR/sources_1">
    <Filter Type="Srcs"/>
    <File Path="$PSRCDIR/sources_1/new/lab131.v">
      <FileInfo>
        <Attr Name="UsedIn" Val="synthesis"/>
        <Attr Name="UsedIn" Val="implementation"/>
        <Attr Name="UsedIn" Val="simulation"/>
      </FileInfo>
    </File>
    <Config>
      <Option Name="DesignMode" Val="RTL"/>
      <Option Name="TopModule" Val="lab131"/>
      <Option Name="TopAutoSet" Val="TRUE"/>
    </Config>
  </FileSet>
  <FileSet Name="constrs_in" Type="Constrs" RelSrcDir="$PSRCDIR/constrs_1">
    <Filter Type="Constrs"/>
    <File Path="$PSRCDIR/constrs_1/new/constraint131.xdc">
      <FileInfo>
        <Attr Name="UsedIn" Val="synthesis"/>
        <Attr Name="UsedIn" Val="implementation"/>
      </FileInfo>
    </File>
    <Config>
      <Option Name="ConstrsType" Val="XDC"/>
    </Config>
  </FileSet>
  <Strategy Version="1" Minor="2">
    <StratHandle Name="Vivado Implementation Defaults" Flow="Vivado Implementation 2016">
      <Desc>Default settings for Implementation.</Desc>
    </StratHandle>
    <Step Id="init_design"/>
    <Step Id="opt_design"/>
    <Step Id="power_opt_design"/>
    <Step Id="place_design"/>
    <Step Id="post_place_power_opt_design"/>
    <Step Id="phys_opt_design"/>
    <Step Id="route_design"/>
    <Step Id="post_route_phys_opt_design"/>
    <Step Id="write_bitstream"/>
  </Strategy>
</GenRun>
