<?xml version="1.0" encoding="UTF-8"?>
<GenRun Id="synth_1" LaunchPart="xc7a100tcsg324-1" LaunchTime="1614344487">
  <File Type="PA-TCL" Name="encoder_dataflow.tcl"/>
  <File Type="RDS-PROPCONSTRS" Name="encoder_dataflow_drc_synth.rpt"/>
  <File Type="RDS-RDS" Name="encoder_dataflow.vds"/>
  <File Type="RDS-UTIL" Name="encoder_dataflow_utilization_synth.rpt"/>
  <File Type="RDS-UTIL-PB" Name="encoder_dataflow_utilization_synth.pb"/>
  <File Type="RDS-DCP" Name="encoder_dataflow.dcp"/>
  <File Type="VDS-TIMINGSUMMARY" Name="encoder_dataflow_timing_summary_synth.rpt"/>
  <File Type="VDS-TIMING-PB" Name="encoder_dataflow_timing_summary_synth.pb"/>
  <FileSet Name="sources" Type="DesignSrcs" RelSrcDir="$PSRCDIR/sources_1">
    <Filter Type="Srcs"/>
    <File Path="$PSRCDIR/sources_1/new/encoder_dataflow.v">
      <FileInfo>
        <Attr Name="UsedIn" Val="synthesis"/>
        <Attr Name="UsedIn" Val="implementation"/>
        <Attr Name="UsedIn" Val="simulation"/>
      </FileInfo>
    </File>
    <Config>
      <Option Name="DesignMode" Val="RTL"/>
      <Option Name="TopModule" Val="encoder_dataflow"/>
      <Option Name="TopAutoSet" Val="TRUE"/>
    </Config>
  </FileSet>
  <FileSet Name="constrs_in" Type="Constrs" RelSrcDir="$PSRCDIR/constrs_1">
    <Filter Type="Constrs"/>
    <File Path="$PSRCDIR/constrs_1/new/321constraints.xdc">
      <FileInfo>
        <Attr Name="UsedIn" Val="synthesis"/>
        <Attr Name="UsedIn" Val="implementation"/>
      </FileInfo>
    </File>
    <Config>
      <Option Name="ConstrsType" Val="XDC"/>
    </Config>
  </FileSet>
  <Strategy Version="1" Minor="2">
    <StratHandle Name="Vivado Synthesis Defaults" Flow="Vivado Synthesis 2016"/>
    <Step Id="synth_design"/>
  </Strategy>
</GenRun>
