<?xml version="1.0" encoding="UTF-8"?>
<GenRun Id="impl_1" LaunchPart="xc7a100tcsg324-1" LaunchTime="1614915310">
  <File Type="ROUTE-PWR-RPX" Name="bit8_counter_T_flipflop_power_routed.rpx"/>
  <File Type="PA-TCL" Name="bit8_counter_T_flipflop.tcl"/>
  <File Type="INIT-TIMING" Name="bit8_counter_T_flipflop_timing_summary_init.rpt"/>
  <File Type="OPT-METHODOLOGY-DRC" Name="bit8_counter_T_flipflop_methodology_drc_opted.rpt"/>
  <File Type="PWROPT-DRC" Name="bit8_counter_T_flipflop_drc_pwropted.rpt"/>
  <File Type="RDI-RDI" Name="bit8_counter_T_flipflop.vdi"/>
  <File Type="OPT-DCP" Name="bit8_counter_T_flipflop_opt.dcp"/>
  <File Type="OPT-HWDEF" Name="bit8_counter_T_flipflop.hwdef"/>
  <File Type="OPT-DRC" Name="bit8_counter_T_flipflop_drc_opted.rpt"/>
  <File Type="OPT-TIMING" Name="bit8_counter_T_flipflop_timing_summary_opted.rpt"/>
  <File Type="PWROPT-DCP" Name="bit8_counter_T_flipflop_pwropt.dcp"/>
  <File Type="PWROPT-TIMING" Name="bit8_counter_T_flipflop_timing_summary_pwropted.rpt"/>
  <File Type="PLACE-DCP" Name="bit8_counter_T_flipflop_placed.dcp"/>
  <File Type="PLACE-IO" Name="bit8_counter_T_flipflop_io_placed.rpt"/>
  <File Type="PLACE-CLK" Name="bit8_counter_T_flipflop_clock_utilization_placed.rpt"/>
  <File Type="PLACE-UTIL" Name="bit8_counter_T_flipflop_utilization_placed.rpt"/>
  <File Type="PLACE-UTIL-PB" Name="bit8_counter_T_flipflop_utilization_placed.pb"/>
  <File Type="PLACE-CTRL" Name="bit8_counter_T_flipflop_control_sets_placed.rpt"/>
  <File Type="PLACE-SIMILARITY" Name="bit8_counter_T_flipflop_incremental_reuse_placed.rpt"/>
  <File Type="PLACE-PRE-SIMILARITY" Name="bit8_counter_T_flipflop_incremental_reuse_pre_placed.rpt"/>
  <File Type="PLACE-TIMING" Name="bit8_counter_T_flipflop_timing_summary_placed.rpt"/>
  <File Type="POSTPLACE-PWROPT-DCP" Name="bit8_counter_T_flipflop_postplace_pwropt.dcp"/>
  <File Type="POSTPLACE-PWROPT-TIMING" Name="bit8_counter_T_flipflop_timing_summary_postplace_pwropted.rpt"/>
  <File Type="PHYSOPT-DCP" Name="bit8_counter_T_flipflop_physopt.dcp"/>
  <File Type="PHYSOPT-DRC" Name="bit8_counter_T_flipflop_drc_physopted.rpt"/>
  <File Type="PHYSOPT-TIMING" Name="bit8_counter_T_flipflop_timing_summary_physopted.rpt"/>
  <File Type="ROUTE-ERROR-DCP" Name="bit8_counter_T_flipflop_routed_error.dcp"/>
  <File Type="ROUTE-DCP" Name="bit8_counter_T_flipflop_routed.dcp"/>
  <File Type="ROUTE-BLACKBOX-DCP" Name="bit8_counter_T_flipflop_routed_bb.dcp"/>
  <File Type="ROUTE-DRC" Name="bit8_counter_T_flipflop_drc_routed.rpt"/>
  <File Type="ROUTE-DRC-PB" Name="bit8_counter_T_flipflop_drc_routed.pb"/>
  <File Type="ROUTE-DRC-RPX" Name="bit8_counter_T_flipflop_drc_routed.rpx"/>
  <File Type="BG-BIN" Name="bit8_counter_T_flipflop.bin"/>
  <File Type="ROUTE-METHODOLOGY-DRC" Name="bit8_counter_T_flipflop_methodology_drc_routed.rpt"/>
  <File Type="BG-DRC" Name="bit8_counter_T_flipflop.drc"/>
  <File Type="ROUTE-METHODOLOGY-DRC-RPX" Name="bit8_counter_T_flipflop_methodology_drc_routed.rpx"/>
  <File Type="BITSTR-MSK" Name="bit8_counter_T_flipflop.msk"/>
  <File Type="ROUTE-METHODOLOGY-DRC-PB" Name="bit8_counter_T_flipflop_methodology_drc_routed.pb"/>
  <File Type="BG-BGN" Name="bit8_counter_T_flipflop.bgn"/>
  <File Type="ROUTE-PWR" Name="bit8_counter_T_flipflop_power_routed.rpt"/>
  <File Type="ROUTE-PWR-SUM" Name="bit8_counter_T_flipflop_power_summary_routed.pb"/>
  <File Type="ROUTE-STATUS" Name="bit8_counter_T_flipflop_route_status.rpt"/>
  <File Type="ROUTE-STATUS-PB" Name="bit8_counter_T_flipflop_route_status.pb"/>
  <File Type="ROUTE-TIMINGSUMMARY" Name="bit8_counter_T_flipflop_timing_summary_routed.rpt"/>
  <File Type="ROUTE-TIMING-PB" Name="bit8_counter_T_flipflop_timing_summary_routed.pb"/>
  <File Type="ROUTE-TIMING-RPX" Name="bit8_counter_T_flipflop_timing_summary_routed.rpx"/>
  <File Type="ROUTE-SIMILARITY" Name="bit8_counter_T_flipflop_incremental_reuse_routed.rpt"/>
  <File Type="ROUTE-CLK" Name="bit8_counter_T_flipflop_clock_utilization_routed.rpt"/>
  <File Type="POSTROUTE-PHYSOPT-DCP" Name="bit8_counter_T_flipflop_postroute_physopt.dcp"/>
  <File Type="POSTROUTE-PHYSOPT-BLACKBOX-DCP" Name="bit8_counter_T_flipflop_postroute_physopt_bb.dcp"/>
  <File Type="POSTROUTE-PHYSOPT-TIMING" Name="bit8_counter_T_flipflop_timing_summary_postroute_physopted.rpt"/>
  <File Type="POSTROUTE-PHYSOPT-TIMING-PB" Name="bit8_counter_T_flipflop_timing_summary_postroute_physopted.pb"/>
  <File Type="POSTROUTE-PHYSOPT-TIMING-RPX" Name="bit8_counter_T_flipflop_timing_summary_postroute_physopted.rpx"/>
  <File Type="BG-BIT" Name="bit8_counter_T_flipflop.bit"/>
  <File Type="BITSTR-RBT" Name="bit8_counter_T_flipflop.rbt"/>
  <File Type="BITSTR-NKY" Name="bit8_counter_T_flipflop.nky"/>
  <File Type="BITSTR-BMM" Name="bit8_counter_T_flipflop_bd.bmm"/>
  <File Type="BITSTR-MMI" Name="bit8_counter_T_flipflop.mmi"/>
  <File Type="BITSTR-SYSDEF" Name="bit8_counter_T_flipflop.sysdef"/>
  <File Type="WBT-USG" Name="usage_statistics_webtalk.html"/>
  <FileSet Name="sources" Type="DesignSrcs" RelSrcDir="$PSRCDIR/sources_1">
    <Filter Type="Srcs"/>
    <File Path="$PSRCDIR/sources_1/new/bit8_counter_T_flipflop.v">
      <FileInfo>
        <Attr Name="UsedIn" Val="synthesis"/>
        <Attr Name="UsedIn" Val="implementation"/>
        <Attr Name="UsedIn" Val="simulation"/>
      </FileInfo>
    </File>
    <Config>
      <Option Name="DesignMode" Val="RTL"/>
      <Option Name="TopModule" Val="bit8_counter_T_flipflop"/>
      <Option Name="TopAutoSet" Val="TRUE"/>
    </Config>
  </FileSet>
  <FileSet Name="constrs_in" Type="Constrs" RelSrcDir="$PSRCDIR/constrs_1">
    <Filter Type="Constrs"/>
    <File Path="$PSRCDIR/constrs_1/new/constraint6211.xdc">
      <FileInfo>
        <Attr Name="UsedIn" Val="synthesis"/>
        <Attr Name="UsedIn" Val="implementation"/>
      </FileInfo>
    </File>
    <Config>
      <Option Name="ConstrsType" Val="XDC"/>
    </Config>
  </FileSet>
  <Strategy Version="1" Minor="2">
    <StratHandle Name="Vivado Implementation Defaults" Flow="Vivado Implementation 2016"/>
    <Step Id="init_design"/>
    <Step Id="opt_design"/>
    <Step Id="power_opt_design"/>
    <Step Id="place_design"/>
    <Step Id="post_place_power_opt_design"/>
    <Step Id="phys_opt_design"/>
    <Step Id="route_design"/>
    <Step Id="post_route_phys_opt_design"/>
    <Step Id="write_bitstream"/>
  </Strategy>
</GenRun>
